sequence,label
PPWPPHPPPPPGY,1
HYHYHYHYH,1
YVDVSVDV,0
YVHVHVAV,1
PPCPPHPPDPPGY,1
IHIHDYI,0
IHIHIYI,0
IHIHIYI,1
YVDVDVSV,0
YVHVDVSV,0
YVHVAVDV,0
LHLHLKL,1
HSGQQKFQFQFEQQ,1
IHIHIQI,1
RDYHPRDHTATW,1
HGQQKFQFQFEQQ,1
YVHVSVSV,0
GLKALEEKCKALEEKLKALEEKHKALEEKG,1
HYHYHYH,1
LHLHLEL,1
YVSVDVDV,0
YVSVDVHV,0
LHLHLRL,1
HHLRIPYALDQT,1
YVHVHVHV,1
VHVHVRV,1
YVDVHVDV,0
YVHVSVDV,0
YVSVHVHV,1
YVHVHVSV,1
YVHVHVDV,1
YVDVSVSV,0
IHIAIRI,1
IHIHGYGHIHI,1
YVSVSVDV,0
PPPPPPPPPPPGY,1
YVAVDVHV,0
IAIHIRI,1
IHIHIYIHIHI,0
PPHPPHPPPPPGY,1
YVHVDVHV,0
PPPPPHPPPPPGY,1
PPSPPHPPPPPGY,1
YVDVDVHV,0
YHYHYHYH,1
YVDVHVAV,0
YVHVSVHV,1
YVHVDVAV,0
IHIHIYIHIHI,1
YVAVHVHV,1
YVAVHVDV,0
HGH,1
YVSVHVDV,0
LHLHLDL,1
YVHVDVDV,0
KVYFSIPWRVPM,1
QVNGLGERSQQM,1
LHLHLHL,1
AHAHARA,1
DSAPSYNYRPSY,1
YVDVDVDV,0
CFHFEFSFP,1
LHLHLQL,1
YVDVSVHV,0
VHVHVQV,1
YVDVHVSV,0
LHLHLYL,1
PPSPPHPPDPPGY,1
CFEFSFHFP,1
YVSVHVSV,0
IHIHIRI,1
YVSVDVSV,0
CFEFHFSFP,1
RGQQKFQFQFEQQ,1
GSPLAQQIKNIHSFIHQAKAAGRMDEVRTLQENLHQLMHEYFQQSD,1
YVHVAVHV,1
GGAACASAD,1
GGAACAHAD,1
RGAACASAD,1
RGAACAHAD,1
RGAFCFHAD,1
KGAFCFHAD,1
RDFHFCAGD,1
RDFNFCAGD,1
RGGHFCGPGPGHGHGD,1
